CreditScore,Age,Tenure,Balance,NumOfProducts,HasCrCard,IsActiveMember,EstimatedSalary,Geography,Gender,Exited
452,66,1,84566.8764986246,1,1,1,142041.09267517907,Germany,Male,1
785,28,2,232020.91008151244,1,1,1,117804.27938965394,France,Female,1
698,38,4,56153.90296096298,3,1,1,161286.28579671355,Spain,Male,1
620,43,7,93041.75595937834,1,0,0,149654.78537606643,Spain,Male,1
456,42,9,108019.220736049,3,1,0,125920.50518688458,France,Female,0
421,39,6,109851.24742361305,1,1,1,102753.75830905467,Germany,Female,0
538,76,6,153234.89562363137,2,1,1,35304.603876829446,Spain,Female,0
370,44,6,235768.9594361769,3,0,0,59653.27339822292,Germany,Male,0
452,66,7,60173.17795812624,3,0,0,89628.8998542462,Spain,Female,1
471,30,0,30375.344075229517,1,1,0,123866.86453121385,France,Male,0
816,50,3,49367.62246498433,3,0,0,107604.49249090791,Germany,Male,1
564,51,5,221731.22505231737,3,0,0,64755.0599323106,Germany,Male,0
680,58,8,161452.7031638015,2,0,1,11228.227980045005,Germany,Female,0
808,52,1,71476.69730979003,2,1,0,104285.45216115465,Spain,Male,0
437,18,0,203986.7347421543,1,1,1,64268.937826826186,Spain,Female,0
722,38,9,215342.499090859,2,0,1,149575.57713500166,Spain,Female,1
449,65,1,211628.5846725695,1,0,0,14549.790401391863,France,Female,1
709,72,6,229731.6334098886,1,0,0,121117.28414810027,Spain,Female,1
501,23,2,63060.255043340396,1,1,1,188880.10512615243,France,Female,1
480,45,9,188760.48218656957,3,1,0,43137.760751184906,Germany,Male,0
499,34,1,115134.874318535,2,0,1,99613.40324261312,Germany,Male,0
658,22,6,210499.63822251538,1,0,0,27370.178445256253,France,Male,1
607,48,1,182122.6692904033,2,0,0,128879.563329657,Spain,Male,1
693,22,2,194111.86162493116,1,0,0,114601.01931328286,France,Male,0
841,55,6,164040.45942026787,2,1,1,87399.44960043815,Germany,Female,0
763,20,3,44357.19236742672,2,0,0,109061.63408001083,Germany,Female,1
643,70,0,136256.72972423458,1,1,1,180349.18510911195,France,Male,1
735,40,4,246167.43488112706,3,0,0,47295.91743910273,Spain,Male,1
541,54,8,234347.01662427973,2,0,1,14287.257224015975,Spain,Male,0
793,70,7,10793.433949252918,3,0,0,173716.32809282918,France,Female,1
626,54,8,41203.70393235928,3,0,1,119652.24565370224,France,Female,1
510,27,9,32932.19336364048,1,0,1,179225.10653775005,Spain,Female,1
809,27,8,181494.97749632387,1,1,1,123419.5924485028,Germany,Male,1
663,36,6,204446.33246423627,1,0,1,163930.60709234347,France,Male,1
371,34,3,53377.841577667976,2,0,1,91637.9390374781,Spain,Male,0
602,38,4,126463.17323795725,1,0,1,152473.38694477107,Spain,Male,1
585,31,0,210175.7570028,1,1,0,183477.87870907263,Germany,Female,0
694,26,0,183200.38619156263,2,1,1,118703.3631072192,Germany,Male,1
398,63,2,135559.30137296207,2,1,1,44349.17860685211,Germany,Male,1
824,18,7,147586.92261469323,1,1,1,61071.54685573765,Germany,Male,1
408,68,1,127090.13672906999,1,0,0,47742.4696105071,Germany,Female,0
519,62,3,74387.11282970515,1,0,0,56902.835243189256,France,Female,0
825,30,1,141255.498214754,1,0,0,68218.93537669691,Spain,Male,0
537,21,4,172221.3255125227,3,1,1,115475.41948310581,France,Female,1
813,79,8,218330.7289652019,3,0,0,121718.40959812823,France,Female,1
620,18,0,159072.83849481202,1,0,0,91034.95197595362,France,Female,0
539,66,4,190280.3842607895,3,1,1,126929.94816595873,France,Female,0
795,57,8,40017.90873864325,2,1,1,25499.235866159524,France,Female,1
524,49,0,115389.36860494748,3,1,0,26679.765041050396,Germany,Male,0
795,51,8,2332.904956773324,3,0,1,42647.59746795511,Germany,Male,1
400,45,7,61669.71613040575,1,0,1,108434.7246276655,Spain,Male,0
713,48,3,181615.4287782512,3,1,1,50658.98895267958,France,Female,0
404,25,9,247952.48783734086,3,0,1,63824.03666358969,Spain,Female,0
593,56,4,24794.524896803978,3,1,0,86059.43887286888,Germany,Female,1
669,43,4,100373.57896532206,3,1,1,164254.56356197217,Germany,Female,1
480,75,5,200017.74217478986,2,0,0,12633.805823443423,Germany,Male,0
834,51,6,51008.90865722471,1,1,0,133381.97584495824,France,Male,1
656,71,7,138771.23732557156,1,1,0,137086.5408977302,France,Male,1
484,71,7,183267.8240074187,2,1,0,161744.59826776094,Germany,Male,1
370,20,1,153996.36256504475,3,0,1,187223.05842145951,Spain,Male,1
678,76,8,47006.18365385403,2,1,1,13826.191300365068,Spain,Male,0
516,67,6,88846.14217143485,3,1,1,39218.904047511074,Germany,Female,1
623,29,3,195947.9461213493,2,1,0,178372.54587063869,Spain,Female,1
737,18,3,138556.62853300414,1,1,0,97118.52681553292,Germany,Male,0
438,71,7,1307.403385728184,1,1,0,117272.22139735807,Spain,Female,1
665,61,3,190247.69000702346,1,1,1,135975.168707398,Germany,Male,1
363,22,5,8827.838735059768,3,1,0,139022.6548541711,Spain,Male,1
591,47,4,186433.44568280803,3,0,1,187030.67663013656,France,Female,0
614,47,2,50620.14004130935,2,0,1,199420.38930821724,Germany,Male,0
695,76,9,239518.37002984504,2,1,1,146829.91757687865,Germany,Male,1
402,74,1,91985.18782552112,1,0,1,64572.02974897865,Spain,Male,1
735,34,8,81732.90408451977,3,0,0,177152.95643592527,Germany,Female,0
689,65,9,37222.01258311117,2,1,1,19351.973762744707,Germany,Female,0
441,64,8,76401.05387255372,3,0,0,53905.36204615428,Germany,Female,0
716,40,0,219162.69045705014,3,1,1,180503.28631810582,France,Female,1
793,32,9,249083.58440681183,1,1,0,58676.38774347744,France,Male,1
804,54,2,92077.38262671209,1,1,0,51923.70132813221,Spain,Female,0
777,38,7,112152.65773863564,3,1,1,36243.805696646974,France,Female,1
613,31,5,180517.73455068425,3,1,1,173231.23395291413,Spain,Female,1
780,19,4,221548.94511626862,3,0,1,105011.06924630648,France,Male,1
384,28,4,148261.08354669603,3,1,0,138229.7085802894,Spain,Female,1
555,68,5,97881.42454445733,1,0,1,55422.61297425564,France,Female,1
430,56,6,103155.46021215593,2,1,1,154027.67999213113,France,Male,1
769,55,0,173904.53662420172,1,1,0,154401.0535427987,Spain,Male,1
399,77,8,804.5659010696704,2,1,1,69393.62473257702,Germany,Male,0
709,51,2,154897.33436496017,3,0,0,88029.70027195374,Germany,Male,0
737,55,3,88873.25261033935,2,1,1,49841.15271173816,France,Female,0
351,67,9,198549.33281927108,1,1,0,195546.5944313518,Spain,Male,0
739,51,0,23247.65995578304,1,1,0,132664.48964109822,Germany,Female,0
403,35,9,147050.56673709763,3,1,1,187563.33733594796,Spain,Female,0
455,47,2,120243.22247153094,1,0,0,67643.2532895353,Germany,Female,0
609,32,1,160581.38147630685,3,1,1,158559.27346940906,Spain,Female,0
659,44,1,16213.398620742086,1,0,1,155513.142338101,France,Female,0
826,68,0,144995.94685703283,1,1,0,141414.5738546429,Spain,Male,1
540,51,7,140371.14698988092,3,0,1,193471.40530069207,Germany,Female,1
751,69,2,140165.02360404274,2,0,0,84775.51386019995,France,Female,0
567,74,2,150871.9166491137,1,1,0,34836.291482053886,Spain,Female,1
393,55,5,169116.98430659054,2,1,0,137624.68325637156,Germany,Male,1
511,50,7,201247.24992019244,1,0,0,148568.86209066916,France,Female,0
551,41,8,67455.18003205358,1,1,0,119261.50895717478,Spain,Female,0
795,32,8,206262.3525450155,1,1,0,49295.39969534529,Germany,Male,0
833,77,3,124563.9205658634,1,1,0,105846.62891717751,Spain,Female,1
619,47,4,19264.569783582792,2,0,0,69316.04994813459,Spain,Female,1
700,72,1,14637.7323109948,2,1,1,91218.64035167093,France,Male,0
653,59,8,83559.5796740152,1,1,1,132591.52941048614,France,Female,1
620,68,7,196224.24427786688,1,1,0,151590.80111125857,Germany,Female,1
805,34,2,176920.23368522894,2,0,1,54122.69127125519,France,Female,1
811,22,8,197153.7411681016,3,1,1,87011.81852292114,Germany,Female,0
564,46,2,129317.26411040234,3,0,1,61140.698488409544,Spain,Female,1
601,21,8,110049.74948887264,2,1,1,47740.00663375513,Spain,Male,1
539,27,1,36863.131676570985,1,0,1,158843.57179920928,Germany,Male,1
645,73,9,82048.18840232788,1,1,1,182758.01194302857,Spain,Male,1
562,34,8,108504.84154346882,3,1,0,80344.11528006957,France,Female,1
557,27,7,22150.107419904307,3,0,1,152742.9956310157,Spain,Female,1
586,34,8,55152.988177802814,2,0,1,180429.1049792381,France,Female,1
687,77,4,149556.3235159347,3,0,1,170763.600000744,Germany,Male,0
716,37,1,183915.77855979747,2,1,1,44734.54382245292,Germany,Female,0
402,41,7,249586.8778482374,3,1,0,191695.45748753866,Spain,Female,1
629,22,5,233278.33283588942,3,1,0,81568.52368159787,Spain,Female,0
759,51,7,160641.29988379788,3,1,0,74455.7256230289,France,Male,1
566,23,4,105312.013323518,1,0,0,21861.952182778263,France,Male,1
601,70,9,159044.34117705817,1,1,1,102372.99427992776,Spain,Female,1
537,19,1,196412.904520058,1,1,0,30712.586971776454,Spain,Female,0
729,30,5,29584.04773084683,3,1,0,57222.565976210935,Germany,Female,1
842,79,4,102476.22242407207,2,1,0,70219.09813578347,Germany,Male,1
390,60,4,209950.5714089043,2,1,0,163677.00146341996,Germany,Male,0
506,60,0,95958.237983261,2,1,1,176342.84357522035,Spain,Male,0
364,65,1,142968.06780679664,2,1,0,67468.60031767924,Spain,Female,1
650,28,7,146942.34021554954,1,0,1,173152.64303646903,Spain,Male,0
414,68,2,46119.063283409836,1,1,0,172873.8781002603,Germany,Female,0
694,64,9,90558.86041307209,3,1,1,155283.68057312598,Spain,Female,1
676,74,2,83627.82218548303,3,1,1,37872.07166288449,France,Male,1
358,40,7,6549.177133016198,2,1,0,141161.3409111385,Spain,Female,1
693,72,7,6047.940972838811,1,0,0,189554.57227030807,Spain,Male,0
478,33,1,207924.26091894336,2,0,0,139682.69096575983,Spain,Female,0
841,48,7,68267.7024932031,3,0,0,73007.20133048845,Spain,Female,0
485,28,0,129519.69155970386,3,0,1,105110.07031185794,Spain,Male,1
821,71,5,74681.39339719326,2,0,1,132687.7582367002,France,Female,0
412,33,7,235169.8112788351,3,0,0,107008.37765841567,France,Female,0
488,25,2,64824.189716443434,2,1,0,32791.05892888427,Spain,Female,1
848,21,7,107414.20318473376,1,0,1,69292.16848388393,Germany,Female,1
430,57,0,218182.56262115046,2,0,0,162455.24580519018,Spain,Female,1
741,21,8,210483.39169795217,1,1,1,173669.4287581483,Spain,Female,0
512,73,8,46525.35446156933,1,0,0,36087.00621595835,Spain,Female,1
768,42,4,200660.8274489276,3,1,1,190953.48295575767,Germany,Female,0
638,20,9,114546.72168447316,3,1,1,72476.29739123577,Germany,Male,0
728,49,3,120742.2180213388,3,0,1,135839.6103588368,Germany,Male,1
610,20,5,33369.993103985944,2,1,1,152846.77773176943,France,Female,1
839,44,6,20150.378439281165,2,0,1,164269.78458119783,Germany,Female,1
580,46,4,181984.82674344128,3,0,0,189692.44342292674,France,Male,1
390,49,9,124115.28808882493,2,1,1,69454.7141254763,France,Female,1
377,67,8,109212.67565379488,3,1,0,173116.22636479535,Germany,Male,0
484,78,2,182377.05716309918,2,0,1,35020.51165287934,Germany,Male,0
550,75,6,191378.22474777745,1,1,1,143957.77220718263,Germany,Male,0
677,68,9,39727.04191733839,1,1,0,150975.76860765732,France,Female,1
617,36,9,152556.28736941033,3,0,0,138767.41582825087,Spain,Female,0
767,38,4,33838.52056942138,2,0,0,57939.799865679066,Germany,Female,1
382,22,6,187843.7715072614,2,1,0,175878.19793288864,Germany,Male,1
397,35,1,164238.78906678487,1,0,1,42083.10804037505,Germany,Male,0
756,45,3,239153.6552708645,1,0,0,20190.61038895786,France,Male,0
411,59,1,17239.504089105296,3,0,1,146318.34821626332,France,Female,1
565,78,6,14263.680287813579,1,0,0,100340.3858942194,Spain,Male,0
642,39,1,70546.76867330003,3,0,0,171328.62379214846,Germany,Male,1
448,38,0,65426.42093397649,1,0,1,82845.4568010692,France,Female,0
521,23,8,61744.699767999955,1,0,1,41972.93181646544,Spain,Male,0
709,18,0,226563.64513025916,2,1,0,168924.01656927523,Germany,Male,0
563,22,7,62386.54996237653,1,0,1,114292.83001161362,France,Female,0
824,58,1,67987.43153215775,1,1,1,45947.20055416743,Germany,Female,0
384,29,7,189849.56560449093,3,1,1,146872.9597314247,Germany,Male,1
798,43,2,112434.960612635,1,1,1,107111.5913130051,France,Female,0
576,63,5,194177.6392387953,3,0,1,124819.46662566076,France,Male,0
450,51,2,16341.53939109631,1,0,1,97570.68425925056,France,Female,0
780,66,6,121892.79841834608,1,1,1,167454.70692542123,Germany,Male,1
811,31,9,8403.400045820657,3,0,1,167616.91597977947,Germany,Female,1
480,43,8,15663.30086383863,2,1,0,144783.87614663338,Spain,Male,1
606,62,1,226609.36333610275,3,0,1,30026.26170532783,Germany,Female,1
354,44,4,34811.342779398794,3,0,0,169382.2337617731,France,Female,1
567,26,5,133105.1705688043,3,1,1,137492.46630125286,Germany,Female,0
604,43,3,102773.90065017664,2,1,1,142434.5915408169,Spain,Female,0
747,74,3,86835.83156471066,1,1,1,78966.73967673561,Spain,Female,0
708,64,3,224958.33642181812,3,0,1,177063.11566983128,France,Female,1
632,74,1,5455.8491938723755,3,1,0,147820.60404462292,France,Female,1
742,39,3,165947.42154389728,2,0,0,31392.18864054695,Spain,Male,0
556,64,0,240848.6085533876,3,0,1,87477.82653717091,Spain,Male,1
364,73,5,140042.04586546047,1,0,0,178412.26877242693,Spain,Female,1
695,47,0,234205.61550827295,2,1,1,18967.373322502008,France,Female,1
391,60,9,13064.469821505942,1,1,1,192669.1577319894,Spain,Male,0
729,65,5,104698.32976854035,1,1,0,139040.88798071694,Spain,Male,0
810,78,0,65039.44774051279,2,0,0,129961.43575224155,France,Female,1
528,34,5,182705.24124518243,3,0,1,61406.258732718365,Germany,Male,1
412,43,9,245324.27262431168,1,1,1,57270.43986044364,Germany,Male,1
701,53,7,64132.51561106195,1,0,0,188991.06170283313,Spain,Female,1
580,18,1,163543.6503685186,1,0,1,66671.76630448332,Germany,Female,0
590,25,1,49524.408189935035,1,1,0,157346.00637660988,Germany,Female,1
401,66,3,141332.56364290247,2,1,1,84693.14165934504,Germany,Male,0
445,52,2,115983.12167208405,2,1,1,36458.27344909376,Germany,Female,0
737,78,3,243001.33240788427,1,0,0,12035.9065621182,Spain,Female,0
571,69,6,152131.81817411663,3,0,0,113408.89403289766,Germany,Male,1
834,32,0,87376.5930217047,1,0,0,195397.97552429722,Germany,Female,0
756,64,5,28523.946221983344,3,0,1,80135.87682374885,France,Male,0
580,73,2,37811.70718373364,1,0,1,77866.54345867853,Spain,Male,1
586,39,9,56329.232487808775,3,1,1,75377.407391394,France,Male,1
492,31,6,62741.6653350745,1,0,1,108903.3290879231,France,Male,1
520,43,9,212654.01446028444,3,0,0,93726.32785061578,Spain,Male,0
378,45,1,140305.69707063123,1,0,1,177183.77907813276,Germany,Male,1
385,40,1,130847.72784359161,1,1,1,106048.95042746316,France,Female,0
362,31,3,28692.21796730437,3,1,1,106473.98925582807,Spain,Female,0
509,41,0,215034.92333735875,2,1,0,36290.602996905756,Germany,Female,1
676,19,2,180703.57580212093,3,0,1,196720.51277297334,Spain,Male,0
536,62,8,16917.090475000397,2,1,1,57494.84926507764,France,Female,0
592,43,6,176958.77430744216,1,1,0,23939.172817324506,Germany,Male,0
435,31,6,135884.55433566152,3,1,1,135997.78730528968,Germany,Female,0
633,76,3,20431.336436694564,3,0,1,123119.6103298058,Spain,Male,1
415,73,1,114575.16038216412,3,1,0,88877.67425862169,Germany,Female,0
519,68,3,121174.07178251175,2,0,1,90216.52443732883,France,Male,1
394,24,5,41443.63504081894,2,0,1,159162.14499882192,France,Female,0
411,20,2,236424.53675007058,1,1,1,47185.40161893332,France,Male,0
790,64,0,212493.84287016548,2,0,0,165848.13059952905,Spain,Female,1
483,40,7,167255.58433227707,2,1,1,133261.95164005345,Germany,Male,0
633,63,4,115573.8902501518,1,0,1,89604.25701810964,Germany,Female,0
377,60,4,102941.38539612712,3,1,0,97025.43715093503,Germany,Female,0
457,64,3,162743.36678773855,3,1,0,58762.9693653582,France,Female,0
393,77,5,136357.96735172637,1,1,1,152901.72321242522,Germany,Male,0
689,62,2,15568.276470471405,3,0,1,107446.20103800087,France,Male,0
635,35,8,128125.66219258292,2,1,1,70962.36312247028,Germany,Male,1
795,75,4,201600.90430820987,1,0,1,123249.52199458054,France,Male,1
680,55,2,114809.96939923952,1,1,0,199189.54588975137,Germany,Male,1
477,52,0,12989.144388567103,1,0,1,92699.83313474523,Spain,Female,0
697,68,9,196569.54984600827,3,0,0,184931.36614793772,Spain,Male,0
822,32,5,50340.945533993596,1,1,0,75553.19958566756,France,Female,0
580,42,1,64655.208722009695,1,1,1,20399.21431574732,France,Female,1
539,72,2,41176.588358073976,1,1,1,48806.00021000149,Germany,Male,0
574,54,0,82553.76621787439,3,1,0,89552.07723226,Germany,Female,1
734,45,8,189187.87642215876,2,1,0,51730.63643296811,Spain,Male,0
726,27,7,129846.46487598434,1,0,1,10043.137261468552,Germany,Male,0
632,56,1,51220.31853767814,2,1,0,183850.29217203017,France,Male,0
795,74,7,219457.5195380102,3,1,1,170337.0881338765,France,Female,1
470,34,8,219895.4637378823,3,0,1,151035.52398251995,France,Male,0
465,56,0,217644.60626150173,3,1,0,41884.77317274544,France,Male,1
810,39,4,59699.052845384824,3,1,0,32869.07947989735,France,Male,0
582,43,7,112809.83604524702,2,0,1,22844.9023997528,Spain,Female,0
608,79,1,246247.41403521877,1,1,0,147565.54586685504,Spain,Male,1
708,61,3,193003.1190774976,3,1,1,186473.5125306982,France,Female,0
547,42,6,6791.855306389954,3,1,1,91801.80597347704,Germany,Female,0
805,34,2,16301.147815123013,2,0,1,32636.72767924915,France,Male,0
760,30,4,115982.8442030832,2,1,0,107354.63593910025,Spain,Female,0
486,37,7,227305.05146539005,3,0,1,76278.06241713972,France,Female,1
667,42,9,134675.44948817856,1,1,1,81216.73562649956,Spain,Male,1
514,21,2,124453.12700857256,1,0,1,128052.81858958438,Spain,Male,0
574,27,3,26368.424989157647,3,1,1,146556.44151981844,France,Male,0
656,20,8,164195.0261810735,2,0,1,31014.68378590056,France,Female,1
583,58,6,205525.79015005636,3,0,1,16762.143853230515,Germany,Male,0
521,62,0,95105.00187689059,3,0,1,198922.75751028582,Spain,Female,1
501,35,3,193902.96273133188,2,0,1,54218.38629395485,Germany,Female,0
812,64,3,241119.1634752029,3,0,1,20227.799732607225,France,Female,1
664,53,8,50941.614781922275,3,0,1,46076.31252822479,Spain,Female,1
723,64,5,130832.40779868532,3,1,1,17401.990806208203,Germany,Female,1
509,39,8,71784.48952114389,2,1,0,84444.06997726261,Germany,Male,1
445,51,5,198213.60475845984,1,0,1,162456.3390457516,Germany,Male,0
821,64,5,144398.34147028936,1,0,1,74836.44545396691,France,Female,0
582,25,4,158645.60438757594,2,0,1,94394.84730688964,France,Female,1
529,57,4,199478.53990397352,1,0,0,138361.48697781336,France,Male,1
462,66,1,98992.61816561372,3,1,1,106689.87331327723,Spain,Male,1
667,61,7,228772.5171017608,1,0,0,173674.6803440516,France,Female,1
846,36,7,133257.21681153498,3,1,1,174546.77825869372,Spain,Female,0
791,59,0,39488.705708837,1,1,1,11883.032143319193,Germany,Male,1
401,58,7,173974.77954220062,2,0,0,157828.79823180783,Germany,Male,1
617,54,4,198315.3376095636,1,0,1,97539.38404591804,France,Female,1
644,23,1,79190.41926688167,1,1,0,197879.70284769597,Germany,Male,1
735,69,1,214294.81424968824,1,1,0,101814.09441633268,France,Male,1
736,43,5,226535.8136914416,2,0,1,197510.2296237765,Spain,Female,1
462,51,8,69226.12184445224,1,0,1,153368.17862908996,Germany,Female,1
450,76,0,245880.3681788055,2,0,1,57234.9280765282,France,Female,0
462,73,5,35177.882012189606,3,1,1,112295.04606452196,Germany,Male,1
789,76,8,50503.91710062249,1,1,0,198505.7715009307,Germany,Female,1
430,62,7,46056.20980950653,2,0,0,172930.8154728655,France,Male,1
536,23,5,223497.4275019676,2,1,1,28499.70982033201,Germany,Female,0
462,54,2,163573.13808124047,1,1,0,144210.67939389925,Germany,Female,0
351,74,7,38026.07080556822,3,0,0,75660.12131545448,Germany,Male,0
479,50,8,110080.85459208724,2,0,1,11326.629757266142,Germany,Male,1
569,70,0,153824.50626745052,1,1,0,86661.38411512993,Spain,Female,1
403,39,8,20866.021247345823,3,1,0,54603.340127744545,Germany,Female,1
692,38,5,220604.09210183469,2,0,1,165585.16139888958,Germany,Male,0
834,23,5,200900.8838603838,2,0,0,74092.81568069544,France,Female,1
573,23,3,126301.69339415956,3,0,1,167229.50185122524,Spain,Male,0
574,72,0,241781.6538147926,3,0,0,10113.608378611108,France,Male,0
734,65,9,104440.24481877493,1,0,1,68485.63850496264,France,Female,0
752,21,7,246027.57975912446,1,1,0,55821.390718474766,France,Male,0
475,47,1,166979.99970090677,2,1,0,54377.798603036084,Spain,Male,0
479,28,0,158667.81831348536,3,1,1,22955.457755437914,France,Male,1
402,79,1,41488.72382394625,3,1,1,45553.61137799533,France,Female,1
521,79,0,220481.939576161,3,0,1,115554.41827826778,France,Male,0
567,47,0,106872.42198015378,2,0,1,65358.603839171454,Germany,Female,1
509,48,8,40558.35144561984,3,0,0,89305.00864253812,France,Female,1
547,41,0,3151.87999393976,3,1,0,81604.70726596582,Spain,Female,0
765,72,3,139938.92090959565,2,1,0,176421.93574997998,Spain,Male,0
596,26,9,131849.9055306691,1,1,1,182006.80981199793,Germany,Male,1
673,72,5,179838.40559228964,1,0,0,103661.8246146134,Spain,Female,1
788,20,6,222564.51325445055,2,1,0,72729.63055996483,Spain,Female,1
552,68,1,19851.64616075738,3,0,1,30292.13376044909,Germany,Male,1
533,48,5,182874.12258509058,2,0,1,191146.54708259806,France,Female,0
472,57,6,46852.986024395555,1,0,0,21443.119531056516,Germany,Female,1
750,54,9,214544.263289291,1,0,1,66553.55273797328,France,Male,0
604,53,9,204765.87846541402,2,0,0,66632.57822230078,France,Female,0
643,41,1,135198.4387463861,2,0,0,70876.24436664084,Spain,Male,1
629,48,1,177560.6996558279,1,1,1,41214.500221757764,Germany,Male,1
674,23,9,78587.5282959371,2,0,0,158800.67187550245,Spain,Female,1
721,19,6,117791.97473320366,1,0,1,33274.59377353795,Spain,Male,0
447,37,0,205409.2244276179,2,1,1,130632.26523910093,France,Male,0
547,45,7,114816.29929330347,2,0,0,33530.74507410532,Spain,Male,0
819,28,2,89449.56633136045,2,1,0,23401.771142661746,Germany,Female,0
744,21,5,123553.11181257498,1,1,0,182791.60570031655,Spain,Female,1
589,32,8,207062.31310930458,2,1,1,46124.46560055408,Spain,Female,0
493,23,5,83802.01184271819,1,0,0,166037.5293663438,France,Male,0
446,71,8,43440.39828393595,1,0,1,113479.86551035581,Germany,Male,1
550,66,6,178003.5050826952,2,1,1,24792.738725666226,Spain,Female,0
473,47,8,206494.55317702045,2,0,0,191535.1563732328,France,Female,0
536,73,1,25159.36963088333,1,0,1,56922.62172845958,Spain,Male,1
675,55,7,59968.52818898618,1,1,0,173332.61561699523,Germany,Female,0
813,68,7,35492.99744024847,3,1,0,42073.901099067196,Spain,Female,0
698,79,1,86985.35289554166,1,0,0,172249.14760695206,Spain,Female,0
608,74,3,112587.74472635316,3,1,0,12513.474452005858,France,Female,0
497,19,6,187206.5842408266,3,1,0,107238.28674820132,Spain,Female,1
601,32,3,162786.89622041854,3,1,0,156194.0900900958,France,Male,0
792,28,3,155232.1418696078,2,0,0,187611.14832362885,Germany,Female,1
769,25,5,88093.7366524136,2,0,1,182748.40587923254,Spain,Female,0
752,43,9,210361.88827119,1,0,0,165728.72521405254,Germany,Male,1
695,68,5,117821.79184954114,3,1,1,178756.3564356478,Germany,Male,1
800,62,9,244776.23450378864,2,0,1,47851.74030904454,Spain,Male,1
496,61,2,158535.53457393422,2,1,1,63995.016185228465,France,Male,0
497,22,8,31566.185391125684,2,0,0,64904.019735001115,Germany,Female,0
701,23,9,169044.3905188585,2,0,1,81640.24689032277,Germany,Female,0
548,43,1,81276.00385792475,2,1,1,84730.92737318586,Spain,Female,1
657,71,5,171581.79917152436,3,0,0,113465.51168438834,Spain,Female,0
838,21,6,17410.287040601437,3,1,0,40377.15503962386,Spain,Male,0
766,36,8,43720.359293989844,3,0,1,141336.86611933797,Spain,Male,0
773,37,2,213934.31472644658,3,0,0,41837.64246785623,Spain,Female,0
477,50,9,56794.88925587872,1,1,0,68958.61159986403,Spain,Female,1
388,37,2,209260.281310735,3,1,0,105635.57481516927,France,Female,1
687,66,6,69819.02211360261,2,1,0,161323.7066894607,Germany,Female,0
709,29,3,160720.47751467692,3,0,1,150499.15431535817,France,Male,0
478,64,7,173537.64337745775,1,0,0,132651.52771799924,France,Female,0
616,18,6,128163.68828626323,2,0,0,39596.91951023233,Spain,Male,1
825,43,4,76327.66917418283,3,1,0,113938.61566695977,Germany,Male,0
790,31,6,53161.09409277403,3,1,1,26614.835341978236,France,Male,1
822,55,2,8297.338640606555,3,1,1,81699.00359136365,Spain,Male,1
783,54,1,75986.60031018095,2,0,0,88568.14075509224,Spain,Female,0
500,79,5,163290.69763282075,2,0,0,17564.173494693227,Germany,Female,0
764,28,1,234576.20461212067,1,1,1,62057.73889929464,France,Female,0
827,53,2,217801.120565763,2,0,0,191573.39878063297,France,Female,1
647,30,5,191516.19413382566,2,1,0,191190.195487641,France,Male,1
448,60,4,197111.83581332467,3,0,1,76942.14030798247,Spain,Male,0
612,20,7,166246.22586899882,2,0,0,18189.020700181572,Germany,Male,1
601,50,8,65071.714391500755,3,1,0,44028.03847235449,Germany,Female,0
493,23,2,226798.75767645746,3,0,1,84521.38075237263,France,Male,0
695,67,9,167683.0779764585,2,0,1,190078.14261415365,Spain,Male,1
461,73,2,140110.15774511,1,1,0,36827.82207206514,France,Male,1
849,27,2,27747.36730337027,1,1,1,155068.01029696033,Germany,Male,1
409,22,5,111763.88595160635,2,0,0,30649.682481191496,Spain,Female,1
718,40,0,115089.56780048157,1,1,0,196438.9397043426,France,Male,0
351,27,6,216140.90238066748,3,0,0,82507.13483073564,France,Male,0
734,61,0,136662.05504694712,3,1,1,157294.56239082065,Spain,Female,0
653,19,4,95100.13724260242,2,0,1,75092.30573411504,Germany,Female,1
603,30,9,244200.08212766485,1,0,0,129257.08666017365,Spain,Female,0
489,57,7,27680.14833157892,1,1,0,46483.05610060698,France,Male,1
802,19,3,105637.10707798615,3,0,1,37743.99366642288,France,Male,1
386,37,4,10506.168792851322,2,0,1,188232.18651794494,France,Male,1
509,18,3,184976.0301917326,1,1,1,184352.98280184236,France,Male,0
358,54,3,229519.13804978767,2,1,0,178619.09864044766,Germany,Female,1
582,26,7,70009.33238762236,1,0,1,128832.35553165276,Germany,Male,1
448,34,1,214585.4191997802,3,1,1,163570.96013109287,France,Male,1
496,26,0,73054.55761547445,3,1,0,23117.018013161232,Germany,Female,1
653,28,2,227692.5404109788,2,0,0,73609.91795922905,Germany,Female,1
557,32,8,188490.475899196,3,0,0,69603.59370385969,Germany,Female,1
480,41,3,201226.69421035965,1,1,1,130772.61117099652,France,Male,1
753,55,9,4501.638900113625,3,1,0,77631.97695942169,Spain,Male,1
501,72,4,240702.58926850648,2,1,0,38216.288512299354,Spain,Male,1
403,52,1,181667.7480175808,2,0,0,123328.7443285733,Spain,Male,1
469,47,3,76187.77384653332,2,0,0,164732.94492712547,France,Male,1
510,48,1,207348.66621471173,1,0,1,82603.4639473949,Germany,Female,1
757,66,1,70380.29960373249,1,0,0,35131.055868711526,Germany,Female,0
465,22,3,218188.459891532,1,0,1,47370.75748943638,France,Male,0
424,79,5,28145.097602984253,1,0,1,55121.82798218296,France,Male,1
462,77,6,175921.49436519895,1,0,1,66980.54266896188,Spain,Male,1
805,61,9,135174.61916122757,3,1,0,132131.06339619873,Spain,Male,1
769,67,2,24133.617548860202,1,1,1,124179.64206216662,France,Male,0
771,31,2,60473.45706470974,1,0,0,142255.17369773745,Spain,Female,0
453,70,9,3101.0090693286975,3,0,0,78875.3770609875,Germany,Female,0
689,73,5,117191.99136612646,1,0,0,166559.5538571959,France,Female,1
603,28,2,75316.3151900001,2,1,1,48776.65561959445,France,Male,1
576,26,1,149589.3710744397,1,0,0,99117.74202844925,Germany,Male,1
461,51,7,74309.4519271543,1,1,0,162178.35709287177,Germany,Female,1
822,29,4,74979.77787674617,2,1,0,44230.14306919766,Germany,Female,0
448,52,0,185798.29968290083,2,1,1,30873.99161074876,Spain,Male,1
502,52,2,12035.708994588362,2,1,1,177899.95386071806,France,Female,0
698,18,9,225723.7487979968,2,1,1,75156.63592424722,Spain,Female,0
751,57,7,213065.96859779538,1,0,0,139935.3237327161,Germany,Male,1
733,39,3,166951.1708066016,2,0,1,14816.234810148311,Spain,Female,0
715,77,6,148305.3925268461,2,1,0,141108.90879779542,Germany,Female,0
687,46,9,223075.62453491305,3,0,0,70059.24919392439,Spain,Female,0
543,25,1,46332.54488217861,2,1,1,20590.76218161393,Spain,Male,0
659,28,6,19742.290547707154,2,1,0,125864.42469414223,Germany,Female,1
512,58,4,59877.54247738453,3,0,1,55752.72505390292,Spain,Female,1
557,54,4,198644.56967504756,3,0,0,83493.3759898572,France,Female,0
794,31,5,8667.56668162083,1,0,1,25310.354334437583,Spain,Male,1
518,77,8,145701.7087708724,3,0,0,37961.01770803961,Spain,Male,0
833,47,5,248859.37904782748,1,0,0,66615.67474421031,France,Female,1
510,52,7,213924.02345938486,3,1,0,27054.305106429856,Germany,Male,1
417,38,6,130361.42226089737,3,0,0,183056.9902903999,France,Female,1
638,54,8,15910.227321660586,1,0,0,11148.938204955899,Spain,Male,1
747,22,3,207843.37859642747,3,0,1,101933.44158421917,Germany,Male,1
626,36,1,149744.62704430264,1,1,0,33417.01704518477,Spain,Female,0
653,76,6,28733.249264891707,3,0,1,68459.02700081022,Spain,Female,1
753,31,5,23464.32120583905,2,1,1,185951.31636547044,France,Female,0
733,43,0,227406.7048591481,3,0,1,40721.9651220575,France,Male,0
741,79,8,167300.06573451962,1,0,0,193508.1407464832,Germany,Female,1
484,21,8,207321.69982918887,3,1,0,49100.931627990125,Germany,Male,0
544,42,1,219744.72507056684,1,0,0,150897.56060869762,Germany,Male,1
750,62,2,142943.08801208055,1,0,1,113868.68033048922,Spain,Female,0
477,59,4,129361.58793876032,2,1,0,178050.95824338423,France,Male,0
382,42,4,107606.85258024755,2,0,0,115258.71854559488,France,Female,1
525,35,0,79236.64694777982,1,1,1,111566.25163969865,France,Male,1
809,57,7,108648.99021467795,3,1,1,47137.020069995975,Germany,Female,1
792,25,7,193469.9139325391,1,1,1,41583.57878981516,France,Male,1
720,56,3,150480.85775378288,1,1,1,184132.9387119477,France,Male,0
819,57,6,223130.82248871154,3,1,1,72289.25778150647,France,Female,1
724,31,9,110845.00359479693,3,0,1,80695.62844295023,Germany,Male,0
371,49,2,151772.3946796885,3,0,0,154366.49510139378,France,Female,0
587,68,5,157826.88827299717,3,0,1,74376.4616603334,Germany,Male,0
507,78,9,147924.29057658138,1,1,0,190891.86486141052,France,Male,0
387,55,9,175658.44327137907,1,1,0,150206.27610977206,France,Male,0
579,50,8,59358.36709370157,2,1,0,123511.5560889498,France,Female,0
714,40,0,128090.94438644766,1,1,1,177370.08050350298,Germany,Female,1
400,32,4,26056.200702086917,3,0,0,19425.12258640172,Germany,Female,0
787,50,3,96127.83191120313,2,0,1,58841.91151594966,France,Female,0
613,42,7,121916.7671553161,3,1,1,98356.90350197289,Spain,Female,0
632,34,0,163056.0648863681,1,1,0,53125.922499588996,Germany,Male,1
376,50,8,237632.7631465509,2,0,1,151341.98558740888,Germany,Male,1
575,64,5,150162.76663708896,3,1,0,184649.52590020778,France,Female,0
626,72,3,185898.47904413994,2,1,0,90516.32278687545,Spain,Male,1
635,19,8,126566.51487380068,2,1,1,75005.19402126005,France,Male,0
446,31,4,158526.00784408284,1,0,0,192694.6391061376,Germany,Male,1
633,70,4,17733.054033443357,3,0,0,94521.96223723276,Germany,Male,0
716,57,4,63597.89521046175,2,1,0,102919.19608536382,France,Female,1
797,57,0,90463.27330128467,2,0,1,76813.47574496202,France,Male,1
830,68,0,118123.3387516284,3,1,0,182814.2098723063,Spain,Female,1
802,56,7,11412.186375595935,2,1,1,118101.54182355164,Spain,Female,0
666,68,7,35006.024388329424,2,0,1,154813.17156451248,Germany,Male,0
653,23,5,69203.57694782644,2,1,0,164243.27648666842,Spain,Female,0
496,23,3,242883.17272526267,3,1,0,74951.31796427905,Spain,Male,1
353,20,1,82836.75177576269,3,0,1,92401.9229508722,Germany,Male,1
384,24,1,120510.26452802063,3,1,1,171209.6371371903,Germany,Male,0
541,68,8,49024.42818459823,3,1,0,79018.51681840395,Germany,Female,1
398,25,4,152695.01776894205,1,1,0,160847.67535585174,Germany,Female,0
366,59,3,70170.80387899358,2,0,1,188788.54128914306,France,Female,0
521,69,9,51748.144609606694,3,1,1,128409.97088292132,Germany,Male,0
569,32,0,129143.15711149477,2,0,1,150909.1846158589,Germany,Male,0
507,64,6,1376.4497901052052,2,1,1,162968.48928781564,Germany,Male,1
826,46,2,1916.0081623063318,1,1,1,170557.53329036207,Spain,Female,1
395,50,5,54767.20227546444,3,1,0,85060.13419279123,Germany,Male,1
722,69,4,9180.340625205285,3,1,1,19740.057243439653,France,Male,0
355,47,4,27006.438532672844,2,0,1,86356.49153498051,France,Female,1
448,56,4,84715.1623346879,3,0,0,138013.68365897707,Germany,Female,0
729,44,0,200646.41989495323,2,1,0,95566.57329835063,France,Female,0
582,53,0,143012.16084232522,2,1,1,152302.99866347574,Spain,Male,0
386,46,2,128166.9314891041,1,1,1,77826.66159904614,Germany,Male,0
629,55,9,73372.20580203041,1,1,0,130601.38680976561,France,Male,0
698,74,3,232938.4298582041,1,1,1,45419.76292225517,France,Female,0
846,50,4,99253.76030929791,2,1,1,152380.19296254183,Germany,Female,1
651,78,1,21773.191698942872,3,1,0,113682.23407447491,France,Female,1
530,54,7,154266.62902945033,1,1,1,48772.23382385411,Germany,Female,1
444,44,1,28459.598369150353,3,0,0,65463.12296458338,France,Male,1
448,72,8,86305.78570042302,1,0,0,152235.65463054815,Spain,Male,0
537,50,1,126852.98467945222,1,0,0,101694.23477568894,France,Male,0
830,79,8,218555.63117129396,2,1,0,51045.97367468372,France,Male,1
465,21,6,123386.64508502967,1,1,1,193781.52617035655,Germany,Male,1
540,39,7,175564.69150791605,1,1,0,145873.7537652087,France,Male,1
602,19,1,248204.2097497676,2,0,1,191855.61818256127,Germany,Male,1
818,27,6,32872.2799744954,3,1,1,91149.95861846521,Spain,Male,1
765,22,5,68682.88137987988,1,0,1,100269.06473142689,Germany,Female,1
820,76,3,98644.0188994116,2,1,1,180611.49107515364,Germany,Female,1
510,27,6,105457.04463470784,1,0,1,109759.37464662308,France,Male,1
605,50,3,102755.26881638644,2,0,0,144382.99326207675,Spain,Female,0
672,71,1,226902.7506391387,3,0,0,57912.846724150695,Germany,Male,0
477,55,9,178508.16111671412,3,1,0,94878.0290535017,France,Male,0
367,30,6,151976.30352267594,2,0,0,33455.47450396747,France,Female,0
630,48,7,77343.17946569552,2,1,1,49136.20681662272,Germany,Male,1
839,64,1,205947.59605532367,2,1,0,10179.248900849907,France,Male,0
572,53,4,238765.12787124724,3,1,1,17460.359813245443,Germany,Male,1
403,62,0,205299.57063755664,1,1,1,195683.92640361656,Germany,Male,0
407,41,6,391.27629786822604,3,1,0,56047.20207598484,Germany,Male,1
672,69,7,159100.34254585174,2,0,0,136029.03480576037,Spain,Male,1
709,73,5,12783.845360525182,2,1,0,169428.9427719262,Germany,Male,0
523,32,4,64401.80508343047,3,1,0,114625.4872549472,France,Female,0
629,46,5,14881.175086942922,2,1,1,39097.45501595167,Spain,Female,1
463,25,1,150948.86323734693,3,1,1,148342.1230938716,France,Male,1
637,22,0,171647.4783731517,2,1,0,124047.76791892078,Spain,Female,1
780,46,6,28621.90951647628,1,0,1,148937.61197600127,Spain,Male,0
691,64,6,95959.72076124487,1,0,1,156251.85834284656,Spain,Male,0
500,21,9,114059.1272388855,2,1,1,195327.96986010156,Spain,Male,1
799,29,9,92263.25544022914,3,0,0,118977.02320507489,France,Male,0
476,62,1,30256.25012129826,1,0,1,74911.81141121435,Germany,Female,1
504,19,1,104736.94754686885,3,1,0,133208.26581104504,France,Female,0
839,44,0,187794.51195210454,2,0,0,23003.734756098966,Germany,Female,0
735,48,9,17751.916133313865,3,1,1,180505.4904811014,France,Female,0
823,68,7,20045.003520475864,1,0,1,32682.392154257388,Spain,Male,0
622,68,7,88692.82295899605,3,0,0,72290.13919830546,Spain,Female,0
453,53,0,235431.42790473127,3,0,1,164991.62231896297,Germany,Male,1
766,53,7,167143.16168072852,2,1,1,123489.35188283525,Germany,Male,1
742,43,8,169667.4891681412,2,0,0,84790.748852714,France,Female,0
648,60,3,90479.99770946625,2,0,0,99952.77528125407,Germany,Male,1
595,44,0,148415.19780213461,1,1,0,172364.00470841426,France,Female,1
525,22,0,2532.7960069358446,1,1,0,74600.83335137951,Germany,Female,0
388,37,2,159024.01160238555,2,0,1,175233.44011431254,Germany,Female,1
826,28,4,228321.7368940592,2,1,1,26745.541885571383,Germany,Female,0
519,79,4,153143.3670862048,1,0,0,157591.70306963983,Spain,Female,1
596,27,8,218424.64836658625,1,0,0,171034.0502803999,Spain,Male,1
375,57,9,180993.26386652346,1,1,0,44545.35403909436,France,Female,1
704,55,1,30139.604100922563,1,1,1,91765.84115071809,Germany,Female,1
655,23,1,225613.32682146042,2,1,0,41444.957186094565,France,Male,1
758,25,5,16610.96108894372,1,0,1,144254.7845089014,Germany,Female,1
757,40,8,133491.86813694093,2,1,0,111716.07593171477,Spain,Female,1
362,64,0,35534.280948364416,3,0,0,130711.43587458099,Spain,Male,0
665,43,8,2926.6526827260163,3,1,0,47332.52372168012,Germany,Male,0
740,63,8,105508.56503190975,1,0,1,50231.71378995971,Germany,Female,0
662,60,8,73760.17691353906,3,1,1,17884.49184688221,Spain,Male,0
385,29,4,121500.12344940075,3,0,1,71192.83168718865,Spain,Female,1
522,43,8,144299.9716836377,3,1,0,116351.48565339824,France,Male,1
369,30,3,10934.768077236839,1,0,1,173007.63365949248,Spain,Female,1
670,57,1,30750.82378093641,1,1,1,136716.21501714934,Germany,Female,0
613,79,5,139660.59911260635,3,1,0,92725.30144595278,France,Female,0
843,35,3,85791.83829316456,2,0,0,191092.82173488618,Germany,Male,0
749,42,5,182293.371887362,3,1,1,146656.58810940804,France,Female,1
491,50,2,163072.91214798493,1,0,1,186731.3885438845,Germany,Male,0
809,64,5,211401.0907474767,1,0,1,110241.71492171148,Spain,Female,1
720,57,1,173123.2066673063,1,1,1,59191.812210696524,Germany,Female,0
820,77,1,107482.76934753703,3,0,0,20037.07040929718,France,Female,1
492,60,8,168241.6555986081,2,1,0,147956.12178193158,Germany,Female,0
441,29,6,68845.29356385463,1,1,0,33047.56962105149,France,Female,1
703,61,2,76578.37469455317,1,0,1,67527.27437167376,Germany,Male,0
671,53,0,197246.28998019834,3,1,1,111169.4724979405,Spain,Male,0
637,65,7,111604.87910039554,2,0,0,117239.15167815206,Spain,Male,1
564,21,5,199595.08512958811,3,0,0,124110.80742755585,Germany,Female,1
796,22,6,205605.5934170696,1,1,1,41588.51276644312,Germany,Female,0
691,73,8,214390.58441532095,2,1,1,82150.10691611326,Germany,Male,1
400,54,4,229158.80896030183,2,0,0,127266.90315222368,France,Female,0
502,25,0,107746.30512832406,1,0,0,194265.5842804191,Germany,Female,1
535,59,9,79716.70458028471,2,1,0,148249.91616294085,Germany,Female,0
412,66,6,145549.68664852847,2,1,1,185294.713847852,France,Male,1
539,45,4,92793.10585940689,3,1,1,154820.29107969365,Spain,Male,0
474,48,2,150268.54170005824,1,1,1,122426.22408955608,Germany,Male,0
499,75,8,176396.46566095616,1,0,1,46484.44013590546,Germany,Male,0
663,26,0,172101.2546230342,1,1,1,136670.2738595775,Spain,Male,1
407,71,0,93638.22175503033,1,0,1,128442.11753238234,Spain,Female,0
691,68,0,41715.050424688205,1,0,0,124469.14238688063,France,Female,1
654,46,2,107632.33461555188,2,1,0,103059.31491776575,Germany,Female,1
529,31,5,35648.536020477186,3,0,1,110444.75475796236,Germany,Female,1
519,57,9,222524.25879595208,1,1,0,73544.08015243977,France,Male,0
675,58,2,86469.36518446435,3,0,1,108669.41160203761,Spain,Male,1
620,39,7,38614.93680583095,3,1,0,47535.62207891087,France,Female,1
403,28,9,6361.939976437719,2,0,1,162983.1354984716,Spain,Male,1
840,40,1,161455.59657162105,1,0,0,45297.62139275448,France,Female,0
793,18,8,159225.5793636858,2,1,0,26143.59507899862,Spain,Female,1
450,63,2,85151.04164532291,1,1,1,92886.7450078599,France,Female,1
830,54,4,17927.97221191275,2,0,1,135078.41350615176,Spain,Female,1
613,38,9,102407.22372380801,3,0,0,93166.19673737285,Spain,Male,1
402,43,7,77804.37376584839,1,1,0,62583.285070748636,Spain,Female,0
409,63,1,169280.15993375235,3,0,1,116052.52493918374,Spain,Male,0
841,53,5,151444.8123631726,3,1,0,75930.44372831799,Spain,Female,1
457,71,4,91148.432049385,2,0,1,187244.8611240603,Germany,Female,1
354,40,9,54473.138563747525,1,1,1,185302.5765246787,Spain,Female,1
452,74,8,247008.99153889797,3,0,0,105450.64579469814,Germany,Female,1
545,18,4,113500.40529902872,2,1,1,72297.95886346912,Spain,Male,0
611,71,1,172068.55894505925,1,1,0,150055.15865176142,Germany,Female,0
714,72,4,35138.241894590195,1,0,0,16975.45926178266,Germany,Male,0
829,68,3,121397.42491484946,3,1,1,100206.11114829374,France,Female,0
721,57,6,6884.179967366372,1,0,0,73901.44491136337,Spain,Female,1
699,32,5,126363.7794776125,3,1,1,184901.8181694854,France,Female,1
396,38,1,241004.35177942557,1,1,1,12280.575181809683,France,Male,0
704,64,4,96051.67824645006,2,1,1,115034.82638648633,Spain,Female,0
660,26,6,9749.003143727898,3,0,0,150726.08040265893,France,Female,1
773,70,6,7738.9477298358825,3,1,1,102153.41762956783,Spain,Female,1
657,26,4,96996.68998671738,1,0,0,26226.575730917117,France,Female,1
493,27,8,40006.234115798514,1,1,1,194767.66410530143,Spain,Female,1
618,69,3,5838.024082046478,3,0,1,108421.9819614586,Spain,Male,1
719,74,2,189053.40348754422,1,0,1,126695.38642061217,Spain,Male,0
473,70,3,114630.75222047267,2,0,0,54955.85871442639,Germany,Female,0
455,43,4,72311.19299316363,1,1,0,101864.63617029272,France,Female,1
507,58,5,225020.7957541202,2,0,1,91538.40347208115,Germany,Male,1
496,52,2,29034.740050131404,2,1,1,24230.20998037691,France,Female,0
494,69,1,238979.7072388298,2,0,0,30170.467174018773,France,Male,1
469,42,3,78491.6793443382,2,0,0,169119.77872756717,France,Female,0
668,43,4,222100.9180771703,2,0,0,55565.79091925215,Germany,Female,0
624,28,3,150735.7191198654,1,0,1,47042.0715847398,France,Male,0
441,55,2,206676.83993537186,2,1,0,105933.17573752646,Germany,Female,0
407,19,7,246003.29080261607,1,0,1,156061.95495887747,Spain,Male,1
788,24,9,72101.35945468643,2,0,0,21769.838530007706,France,Male,1
695,35,3,240283.87135189824,3,1,1,119593.50473126861,France,Male,0
578,44,1,97370.47372560509,2,0,1,32649.98413970894,Spain,Female,1
823,51,1,96377.97618423057,3,0,1,16927.599656867507,Spain,Male,1
466,44,0,85096.77606362643,2,0,0,20021.350910821304,France,Male,1
667,34,3,135351.9018368963,2,0,0,168491.18055960385,Spain,Female,1
628,60,9,38536.260794621776,2,1,0,32414.771889331696,Germany,Female,0
476,76,8,138427.8713395028,3,1,1,18578.75923833547,Germany,Female,1
742,61,6,135426.203102501,3,0,1,93200.97855715333,France,Female,0
745,76,9,190475.4531512175,2,1,0,170358.7596689847,Germany,Female,0
478,68,6,208412.4904843964,1,1,1,59857.591532967366,Germany,Female,1
407,71,6,110110.33757810602,2,0,1,90125.39732992412,France,Male,0
471,41,7,75583.31233787343,3,1,1,17585.28118711273,Spain,Female,1
350,42,0,64833.72432927362,2,0,0,95324.91768562641,France,Male,1
588,24,9,48655.959176217984,3,1,1,119746.4853210554,Germany,Female,0
639,69,9,14411.89554975622,3,1,0,118472.34021290751,France,Male,1
445,23,7,85611.99470867834,3,1,0,73161.07151312938,France,Male,0
475,70,3,67561.92303269582,2,0,0,69951.30432599575,Germany,Female,0
467,41,3,241604.34646660183,3,1,0,30258.487597953597,Germany,Female,1
397,50,3,139427.20656251098,3,0,0,79691.680922791,France,Male,1
438,66,5,86819.25975762689,2,0,1,28903.987085863286,Germany,Female,1
837,46,6,145116.900248424,3,1,0,155653.2294952898,Germany,Female,0
586,60,5,34799.175336423876,2,0,0,193592.11657215533,Germany,Male,1
722,39,0,111010.93730055072,3,1,0,194314.1467666743,Germany,Male,0
734,43,7,156558.58035526596,1,0,1,174363.50888132481,Germany,Male,0
621,45,9,122224.45794811285,1,0,1,124150.50837452764,Germany,Female,1
538,67,6,100444.70016358106,3,1,1,143164.48247633717,Spain,Female,1
836,38,5,248462.09722492454,1,1,1,64189.10250927867,France,Female,1
541,66,5,220078.69053723174,2,1,0,129846.37983279792,Germany,Female,0
796,24,4,155851.48953986002,1,1,0,96573.41439357672,France,Male,1
418,34,5,142344.3402955707,3,0,1,101583.29455761718,Spain,Female,0
627,37,8,155165.11995614602,3,0,1,153977.54647128002,Germany,Male,1
698,58,9,50328.026955608315,2,0,1,63564.487563477815,France,Female,1
596,66,8,98784.43581607965,3,1,1,70427.52622195877,Germany,Female,0
800,37,9,9864.88322272483,2,0,0,185681.94031444096,Germany,Male,0
425,71,7,118886.50937170666,1,1,1,20682.616021684727,Germany,Female,1
503,39,9,135756.1459894158,1,0,1,102270.51669853467,Germany,Female,1
493,45,8,56937.434025802395,2,1,1,183432.15207749372,Germany,Male,1
784,78,9,241007.21179137845,2,0,1,125968.97148544983,Germany,Female,1
834,57,7,227363.6527343105,3,0,1,113817.3441003051,Germany,Male,1
435,66,7,180535.80886397648,1,1,1,57451.39405357749,Spain,Male,0
534,24,0,133346.65719134064,2,0,1,75222.34292224517,Spain,Male,0
634,18,9,217492.28991192125,1,1,0,171889.19900289166,Germany,Male,0
811,49,4,32663.08595586573,2,0,0,116251.44503600705,Germany,Female,0
569,30,3,197627.44856872124,1,0,0,107801.01681378817,Spain,Female,1
418,47,1,31205.203491712076,3,1,0,28920.145572605496,Spain,Female,0
396,40,7,198552.66563735137,1,1,0,13045.349726473392,Spain,Male,0
846,68,2,68941.89206283924,1,0,0,193100.18585053933,Germany,Female,0
443,76,3,219272.64525454724,1,0,1,81627.37178449992,France,Female,1
587,73,6,236010.52345634945,1,0,1,124610.48179890582,France,Female,0
795,36,9,37198.99235127891,1,0,0,25145.86390558415,France,Female,1
849,79,8,115668.90126634837,3,0,1,139791.71428737885,France,Male,0
802,49,1,245246.84454067127,2,0,0,187187.67465413257,Germany,Male,1
553,47,2,120851.85899328666,1,1,1,119376.39806950974,France,Female,0
749,46,3,215886.88062863628,3,1,1,33961.911251328005,Spain,Male,1
567,66,9,147182.88053282996,1,1,1,120527.09021996058,Spain,Female,0
823,62,0,93832.47697990046,1,0,1,155605.97048988394,France,Female,1
781,46,6,71445.88888146754,2,0,1,87219.14194906355,Spain,Female,1
690,47,1,50805.77277152182,1,0,1,177169.1721088789,Germany,Male,0
388,33,4,190449.5478444243,3,1,0,133249.76113789924,France,Female,1
449,57,0,96635.12670575696,3,1,0,180857.2944749485,France,Male,1
638,36,2,127818.8655501878,2,0,1,128466.00913699406,Germany,Male,0
603,35,1,123081.37000029549,1,0,0,34944.7146809166,Spain,Female,0
571,18,0,144319.7573082828,3,1,1,68841.42510998592,Germany,Male,1
706,31,6,216394.28640613807,1,1,0,48341.040167966814,Germany,Male,0
372,68,4,245184.83589585734,1,1,1,182677.03456620383,Spain,Female,0
599,64,0,101896.05214345423,1,0,0,154476.0127846217,Germany,Male,0
359,67,5,206879.73052657576,2,0,1,138515.69009290115,Spain,Male,1
595,19,4,191131.94866367942,1,0,0,67183.60073000813,Spain,Female,1
674,71,2,143382.2378638933,3,1,1,44968.50668954057,Germany,Female,1
449,45,6,239011.78590298328,1,1,0,153725.70671789325,Spain,Male,1
639,66,9,50118.6288821007,3,0,1,100090.00971702514,Germany,Female,1
529,67,8,27316.052577405353,1,0,1,52900.01490861953,Spain,Female,1
572,47,8,213490.49173885555,3,1,1,127158.17585140227,France,Male,1
743,55,8,109787.45415843707,3,0,0,17663.431906305876,Spain,Male,0
599,68,1,211742.2135517651,1,1,0,71972.34828436817,Spain,Female,1
496,21,2,223272.55129885374,1,1,0,99025.82897231558,Germany,Male,1
791,18,6,15614.39840476786,3,0,1,38112.08348078711,Spain,Female,0
445,25,4,220866.19074651517,2,1,0,197084.35074225953,France,Female,0
606,46,1,112079.76384235555,1,0,1,49728.49927202671,France,Male,0
674,72,2,127608.12225105806,2,1,0,34767.09470822045,Spain,Male,1
842,56,9,156648.12777330255,1,1,0,48671.626038510316,Spain,Female,0
353,20,5,231595.65168252168,1,0,0,156121.6153003476,France,Female,1
365,49,6,4779.023607441008,1,1,0,90846.07526165013,Germany,Female,1
629,27,8,119210.86707945427,1,0,1,117429.02855298223,France,Female,1
685,27,0,171930.51060764017,2,0,0,13991.73982740854,France,Male,0
596,36,6,180676.7394245571,1,1,0,16541.948628929767,Spain,Female,0
607,63,7,173133.107884277,3,0,1,94706.85446713307,Spain,Male,1
846,51,2,33608.78235203047,3,0,1,165164.49620830847,France,Male,1
825,77,3,74848.8970929203,2,0,0,178195.3869544374,Germany,Female,1
733,50,9,89678.88135425336,1,0,0,26474.24784317164,France,Male,0
509,40,5,201109.30191987625,3,0,1,112288.98939919432,France,Male,1
824,72,9,69689.96810363825,2,0,1,183513.6403930614,Germany,Female,0
689,45,6,52676.24096680079,1,1,1,83714.82333559841,France,Male,1
501,49,3,239362.00475952405,3,0,0,167617.50797139003,France,Male,0
745,67,7,2215.8212783672247,3,1,0,35402.17433589288,Spain,Female,1
527,24,4,249455.21392049454,2,1,0,187724.95303688175,Germany,Female,0
512,46,0,169205.3247143489,1,0,1,152770.4303309475,Spain,Female,0
729,25,3,207117.32486227926,1,1,1,188853.53462951133,Spain,Female,0
382,18,2,73654.84908654829,3,1,1,138557.27437497623,Germany,Female,0
766,74,8,3578.8194167649945,3,0,0,79046.74707989112,Germany,Female,0
794,72,7,184467.3796403825,3,0,1,188254.42277969726,France,Female,0
528,20,0,208536.14925016894,1,0,0,62357.68749874391,Spain,Male,1
776,41,5,185119.0329883798,2,1,1,73112.77919172918,Germany,Male,1
450,40,8,35712.57182520965,2,1,0,143153.59942033066,Spain,Female,1
617,76,6,188356.98056424226,1,0,0,155410.0969098234,Spain,Male,1
672,78,3,192230.69552691025,2,0,1,186586.66193133921,Germany,Male,0
414,25,0,164635.12891751374,3,1,0,48912.457720679806,France,Female,1
766,71,1,191528.98319889655,2,1,1,161619.62669165255,Spain,Male,0
517,74,4,211480.35991943305,2,1,0,150323.75014542305,Germany,Female,0
679,64,4,153401.0285593646,2,1,1,22120.965688183594,France,Male,0
392,54,7,22151.178492419764,3,0,1,83572.39682993932,Spain,Female,1
393,20,5,121906.95241680271,1,1,0,63725.436841418734,Germany,Male,0
634,68,7,19412.333667901265,3,1,1,67853.18062726577,Spain,Male,1
746,50,1,101885.7577581077,1,1,0,196759.90711539317,Germany,Male,1
361,45,2,101776.6222814069,1,1,1,132127.7085611863,Germany,Female,1
444,64,5,16502.461035060394,1,0,1,146358.46998076493,Spain,Male,1
651,25,9,87205.13349236983,2,0,1,195557.35108985176,Spain,Male,1
735,51,2,27749.52469782871,2,1,1,81668.33866695136,Germany,Female,0
602,52,5,202058.80250230554,1,1,0,162349.63200603312,France,Female,0
848,49,5,236922.0064911177,1,0,1,92560.88302785411,Spain,Male,1
591,41,1,18079.118814484653,2,0,1,175211.39764484615,Germany,Male,0
384,31,6,238778.80182292536,3,1,0,44324.932849147604,Germany,Male,1
564,49,1,130644.14983418629,1,1,0,190060.37364221312,France,Male,0
686,73,5,74891.41948846847,3,0,0,51566.62459806714,France,Female,0
439,63,0,19215.518819040877,2,0,0,71981.89632637698,France,Male,0
613,60,2,125156.06701760445,1,0,0,153676.5244802883,Spain,Male,0
442,33,1,198628.88612268717,3,0,0,84813.47689742727,Germany,Female,0
759,21,6,176771.61931667454,3,0,1,125560.16158562487,Germany,Male,0
807,69,3,12556.502865993441,3,0,0,94468.96520319142,Germany,Male,0
439,54,7,18225.458841975877,2,1,1,151050.28804705854,France,Male,0
767,71,5,100718.32065815928,2,0,0,53382.93795003606,Germany,Female,0
464,38,9,73822.62351198582,3,0,1,21107.01757500663,Spain,Female,0
454,31,3,58096.08076401196,3,0,1,66986.58551988259,France,Male,0
740,48,4,70251.1247271784,2,0,1,100118.64632500176,France,Male,0
545,72,8,200870.68582422115,3,1,0,41923.80991660893,France,Female,0
663,65,6,232307.01340796347,3,1,0,77411.48503471386,France,Male,1
463,35,9,101275.67363189161,2,0,0,85996.77347577803,Spain,Male,0
842,24,8,226527.75053312426,3,1,0,20904.450300771972,Germany,Female,0
424,27,6,80373.9253119705,3,1,1,120828.37715499886,Spain,Female,0
762,24,0,119109.2465859479,3,1,0,178025.2513145446,Germany,Female,0
725,50,7,56507.24945399993,2,1,1,38831.15346107996,Spain,Male,0
769,40,3,160119.010543961,3,1,1,123583.52254628767,France,Male,0
566,38,2,244745.27879370222,2,1,0,136300.44893306078,France,Male,1
626,36,6,150873.27401084467,2,0,0,89673.58927966478,Spain,Male,1
598,65,2,89453.52102838721,1,0,0,143208.54159921128,Spain,Female,1
513,78,7,161954.36149763208,1,0,1,88038.99326329229,Germany,Male,0
743,36,5,30730.16961634689,3,0,0,105881.08471571263,Spain,Male,0
706,53,4,222164.77006634965,2,0,1,11397.078465341127,Spain,Female,0
806,46,3,125770.9876949591,1,1,0,141426.82168559087,Germany,Female,1
757,77,7,112337.43550991052,3,0,1,135655.10899949764,Germany,Male,0
541,35,7,146466.1971133798,1,0,0,17296.166692005467,Germany,Female,0
576,19,0,156195.96569735062,1,1,0,79967.52040507528,Spain,Female,1
526,18,8,17943.951556628257,2,1,1,196016.0497504168,Germany,Male,1
448,64,4,170654.3053058506,2,0,0,89939.94688803719,France,Male,0
845,22,3,60482.920078882395,1,1,0,105369.62697504992,France,Male,0
385,37,5,178488.15812664744,1,1,0,182886.73005034652,France,Male,0
815,28,5,205633.6985960492,2,1,0,146279.75641449372,Spain,Female,0
846,59,1,200989.62688813006,3,1,0,120593.32491360248,France,Female,1
836,19,7,138125.24185197227,2,0,0,161582.88945480378,Spain,Male,0
445,20,6,130042.4730776878,1,1,0,174229.59062663492,Spain,Male,0
501,40,0,35718.990334852926,3,0,1,96808.73363008071,France,Female,1
500,72,4,193836.5376007839,1,0,1,100270.58933704872,Germany,Male,0
539,29,5,67852.34511167859,3,1,0,83349.6777738488,Spain,Male,0
573,37,3,124173.85570448663,1,1,0,193674.1666035075,France,Male,1
386,22,1,71068.52323187918,3,1,0,142461.58831516656,Spain,Male,1
617,54,3,33457.090749923285,3,0,1,25812.382579533736,Germany,Female,0
718,55,0,157389.42422293415,1,1,1,173962.3284294735,Germany,Male,1
532,47,6,13583.008705725957,3,1,0,101306.38875889093,France,Female,1
362,26,1,187161.30853155,2,1,1,23063.24222027262,Spain,Male,0
628,51,1,79396.69881527916,1,1,0,114446.2784810291,Spain,Male,1
566,70,8,33.67325112133002,2,1,0,89261.2130053834,Spain,Female,0
704,61,4,127782.28480930746,1,0,0,176772.38692389874,Spain,Male,0
710,52,1,11712.977131900781,3,1,0,48758.9746857836,France,Female,0
635,69,8,69042.38945522487,3,1,1,167028.27580351476,Germany,Male,0
622,75,8,176744.12186392903,3,1,1,115960.85132523601,France,Male,1
718,39,0,15672.405405466467,1,0,0,20375.95761055912,Spain,Male,0
411,61,2,209834.62308900058,2,1,1,194650.60725184207,Spain,Male,0
433,41,3,954.980664645777,2,0,1,107396.89637960799,Germany,Male,0
717,34,6,61705.96730047556,1,0,0,65266.60230400068,Spain,Female,0
566,27,9,185226.01403801786,1,1,1,99187.29997795903,France,Female,1
691,47,3,79067.5374323267,2,1,0,172992.9788683229,France,Male,1
746,73,1,25473.097016503383,2,1,0,67931.59363316206,Germany,Male,1
536,76,6,90058.47970010697,2,0,0,46608.51533247306,France,Female,0
368,63,5,67598.32159613138,2,0,0,34523.53691686747,France,Female,1
526,40,2,210677.97554013872,1,0,1,66593.28569414014,France,Male,1
449,49,5,78336.97939628578,1,0,0,158209.13653760825,France,Male,0
745,34,5,197233.1179440018,3,0,1,99609.00938709972,Spain,Female,1
794,67,4,222968.0362026837,2,0,0,53221.504701772596,France,Male,0
582,68,3,108454.35489413238,3,1,0,41575.14992585235,Germany,Female,1
752,34,9,227485.785963598,1,1,1,73218.60053697202,Germany,Male,1
425,31,0,94329.51349079821,1,0,0,188585.6308482847,France,Female,1
614,26,9,241019.60412252703,3,1,1,75175.07539210463,Germany,Female,1
804,57,5,22322.38113139323,2,1,1,197743.57443138072,France,Male,0
633,19,1,171754.8166258107,2,0,0,102193.78659541767,Germany,Female,0
555,62,2,123453.51011423217,2,0,0,44041.14447512867,Germany,Male,1
572,42,7,96912.20136391176,2,1,0,179316.61744076677,France,Male,0
733,56,9,158177.96968715024,3,0,0,97467.52089561711,France,Male,1
401,26,5,175964.2729085828,3,0,0,144837.55526585964,Spain,Male,1
688,71,2,1090.8174125772719,1,1,0,196905.20080973883,France,Female,1
716,39,6,41738.27218679968,2,0,1,19533.31656079506,France,Male,1
493,60,3,178261.51265857968,2,1,1,28371.966359637754,Spain,Male,1
722,63,8,166596.3533945516,2,1,0,146886.78087792368,France,Male,1
418,21,4,241511.8762821693,3,1,1,63546.75062613968,France,Male,0
448,43,2,190259.44756269574,2,1,1,45017.26542051882,Spain,Female,0
745,75,1,237693.1769328345,3,1,0,17478.757165748604,France,Male,1
374,46,1,175635.12538370173,2,0,0,14150.875277378344,France,Female,0
785,62,2,74513.05215986079,2,0,1,157152.26459276027,Spain,Female,1
728,51,1,26341.230562714118,1,0,0,35542.3512002145,Spain,Female,0
818,40,3,195455.9658362339,2,0,1,98866.91703451867,Germany,Male,0
833,54,1,161037.30536897897,2,1,0,125120.39488410177,France,Male,0
402,28,9,12046.503098324058,1,1,1,91386.84210808079,Germany,Male,1
500,23,8,90012.61647524458,3,0,1,15150.26394388429,Germany,Male,0
493,35,1,239199.95387107154,3,1,1,158865.28549170267,Spain,Female,1
406,38,8,125100.28642755031,2,0,1,11997.512662914163,France,Female,1
388,59,5,108182.28400492616,3,0,0,154759.07993172196,France,Male,1
458,53,0,114424.9012898235,2,0,0,179727.85381974332,Spain,Male,0
530,58,3,52220.68100129093,1,1,1,92239.58500086273,Germany,Male,0
391,55,0,92176.7927161988,1,1,1,111753.06988858167,Spain,Male,0
535,51,5,92453.31399679415,2,1,0,100626.84459735421,France,Male,1
772,34,3,13088.7550468681,1,1,0,83949.63753845337,Spain,Male,1
747,54,2,191891.90712947957,1,0,1,178610.66172036846,France,Male,0
572,42,2,104126.10797596975,2,1,1,179847.3670272982,Germany,Female,1
471,55,8,205544.97170410582,2,1,1,73805.10928189156,France,Female,0
482,75,5,212587.00027997384,1,1,1,126863.25326279261,Germany,Female,0
512,29,8,52998.513674664515,3,0,1,186112.43680771417,Germany,Female,0
564,40,4,164338.37054253215,3,0,0,192791.11479885678,France,Male,0
570,70,1,118070.45104074542,2,1,1,106702.21768018903,France,Male,1
584,59,7,220039.18448037127,2,1,0,96036.7130040221,Germany,Male,0
680,39,4,53935.16979411353,3,1,0,62951.920026419895,Spain,Male,0
495,38,1,169453.30007751106,1,1,0,192185.6559061779,France,Male,0
588,44,3,151938.03056318066,3,0,1,37134.7178498448,Germany,Female,0
425,74,8,73825.3693929582,3,1,0,120167.61944906774,Germany,Male,0
358,48,3,34150.225912793154,3,1,0,63684.55082854139,Spain,Female,0
423,23,3,162909.94011931913,3,1,0,63011.575166081355,France,Male,0
791,44,1,184649.36453308267,2,0,0,86944.03160147581,Germany,Female,1
841,57,5,78906.8359408375,2,0,1,199770.65780497435,Spain,Male,1
750,51,1,161208.15100557846,1,1,1,20443.59829956619,Germany,Female,1
602,29,6,98782.72690287582,1,1,0,119922.94545867098,France,Male,1
579,62,2,178301.72082065442,1,1,0,25688.710026702665,Spain,Male,0
356,74,2,49803.81872351328,1,1,1,39358.9576981986,Germany,Male,1
523,70,4,222553.75065904358,3,1,1,93516.95893685074,Spain,Male,1
490,24,2,71852.39911639494,2,0,1,106987.42495582385,France,Female,1
517,27,1,91946.49693903822,2,0,0,59170.55758925956,Spain,Male,0
519,62,9,14522.988020087447,1,0,1,70126.85486613908,France,Female,1
742,34,8,27878.0530803191,1,1,0,26523.733848627282,Germany,Male,1
783,43,1,128965.47567808203,3,0,0,67611.7589304076,France,Female,0
632,38,1,66898.16918199287,3,0,1,193646.10348230338,Germany,Male,1
471,45,7,208870.05643554858,1,0,0,189494.40251777152,Germany,Male,0
543,79,8,3673.3471637384605,2,1,1,73626.87512602715,France,Female,1
354,75,6,94773.51216798405,2,1,0,118462.2478929647,Germany,Male,0
378,63,2,84336.38669227317,2,0,1,182823.12431107942,Spain,Male,1
514,19,8,4831.907729400259,1,1,0,11174.926301770369,Germany,Female,1
771,77,2,31092.099750127556,2,0,0,164029.87836414247,France,Male,1
688,71,4,103410.66872965882,3,0,1,190190.2150298946,Spain,Female,0
485,60,8,123216.14611186166,3,0,1,27351.88952337584,Spain,Male,1
845,18,2,101072.43681371727,1,0,1,40675.060346255,Germany,Female,0
714,68,6,132734.41960302345,3,1,1,192541.79752655752,Germany,Female,0
670,70,0,148782.91872642038,1,1,0,112132.62729166579,France,Female,0
691,53,3,2480.9552819589076,2,1,1,12697.360549627503,Spain,Female,0
849,68,3,116023.78986337598,2,1,1,58950.07976507054,France,Male,1
494,43,6,240874.8102218971,2,0,0,95489.29811108332,Germany,Male,1
676,46,7,129758.07003238719,3,1,1,141652.69309470587,Spain,Female,1
566,38,0,169385.5668647383,1,0,1,149300.4718459919,France,Male,0
650,28,4,77965.9644792208,2,1,0,199130.08745583665,France,Male,1
481,57,6,193497.84453819063,1,1,1,64627.12788291421,France,Male,0
641,28,3,193230.37046902877,2,1,1,112261.8193550103,France,Female,0
419,53,3,130324.01191353473,3,0,1,111331.47409332496,France,Male,0
601,66,3,244003.4558198034,3,0,1,87072.59929497512,Spain,Male,1
764,76,5,31387.553690663346,1,0,1,42140.75983005984,France,Female,1
624,56,6,4236.916222395248,3,0,1,195716.74700493008,Spain,Male,0
794,57,1,192539.552939274,3,1,0,172130.26546665136,France,Female,1
713,52,4,201788.88434122063,1,0,1,104683.27537590507,Germany,Female,1
531,71,3,30051.80728014406,2,0,0,124616.63030996567,Germany,Female,0
516,51,2,66395.70823965152,3,1,0,53179.600176335836,France,Male,0
440,72,6,4388.090841657227,1,1,0,113319.54337443192,Germany,Male,1
551,64,5,73327.15269514118,3,0,0,142044.32529308042,Spain,Female,0
695,41,6,193285.46847966788,3,1,1,107881.73539345188,France,Female,0
368,71,4,129490.13192814474,3,0,1,198154.18241113884,Spain,Female,1
388,39,5,87023.89829207202,3,1,1,126154.91468706797,France,Female,1
475,22,4,92934.82372658257,1,0,0,80485.00539251212,Germany,Female,0
800,73,6,338.4064288670385,1,0,1,156708.88524700925,Spain,Female,1
522,50,1,74950.13189130898,1,0,1,42387.87720051199,Germany,Male,0
490,75,4,161614.68540948263,3,0,1,83058.00460419065,Germany,Female,0
591,53,5,243548.61095408926,3,0,0,75922.20057174131,France,Female,1
569,64,5,211765.20674597487,3,1,0,92043.34807047767,Spain,Female,0
475,37,4,5898.7411613822815,1,0,1,158538.16692645798,Germany,Male,0
407,36,9,224640.15116870982,3,0,0,101992.87611104742,France,Male,0
497,52,6,195799.6033246565,2,0,0,160862.7455505329,France,Male,1
825,69,9,195094.0308927451,3,0,1,119532.89159657453,France,Male,1
805,60,7,114498.93975089287,2,0,0,74993.19258493552,Germany,Female,1
666,34,6,99501.3232386257,3,1,0,163895.96129985977,France,Male,0
732,79,4,75728.93220829815,1,1,1,55275.0374050874,Spain,Female,0
710,76,0,16423.714738591443,3,0,0,52632.766161961146,Spain,Female,1
772,62,4,57058.84087342478,2,1,0,105855.5555704188,Germany,Female,1
350,60,9,61650.90874450615,2,0,0,59561.35673279689,Spain,Female,1
736,51,1,121019.2674275504,3,1,0,11726.536640731101,France,Female,0
810,26,4,186861.1016491735,2,1,0,133176.5301867723,Germany,Female,1
697,43,4,118452.45709948665,2,0,0,107107.82607975563,France,Male,0
539,19,1,14461.112361790152,1,1,0,94648.38475370062,Germany,Male,1
540,70,4,239447.45024705096,3,1,0,193724.01777747992,Germany,Male,0
718,26,3,235681.07977352806,3,0,1,118527.8449529536,France,Male,0
758,26,0,196297.3857871021,3,0,1,174051.99977998305,Spain,Male,1
661,57,2,247831.97539105514,2,1,1,36495.544878980436,Spain,Female,0
766,34,0,136120.58320006574,3,1,1,118149.22799459126,Germany,Male,1
771,18,4,240692.08756330152,3,1,0,174916.12907887154,France,Male,0
466,42,3,18901.260154187694,1,0,1,120790.09388318061,France,Male,0
483,78,6,91420.18706534283,1,1,1,146422.6938441303,Germany,Female,1
407,60,4,56345.31700169146,1,1,0,80688.2778843194,Spain,Female,0
393,57,9,48958.27103356751,2,1,0,27565.408237042655,France,Female,1
522,59,3,35200.737223169024,3,0,0,97001.05607414358,Spain,Male,1
509,42,1,155603.41039149917,1,0,0,84951.08425938293,Spain,Male,1
522,56,3,195330.46393682627,1,0,0,174741.434652,Germany,Male,0
666,52,1,144574.59985509017,1,0,1,56359.10744696973,Germany,Male,0
652,20,7,36740.677397052415,3,1,0,193679.50323167053,Spain,Male,0
498,67,2,202780.94248336772,3,0,1,192046.24276285426,France,Female,1
429,54,8,158988.67679093214,3,1,1,57050.01218357335,France,Male,1
723,61,3,97041.42653174888,2,1,0,76129.87154069089,Germany,Female,0
562,61,5,168532.57388401573,2,1,1,180155.59076603816,Spain,Male,0
552,68,9,64976.24481070821,1,1,1,193658.22197026043,France,Female,1
601,47,4,86298.05212355262,3,0,0,94253.42953884837,France,Female,0
578,55,9,229371.46078299754,1,0,1,70989.43867177058,Germany,Female,1
513,51,0,72626.12641785509,3,0,1,109957.862517793,Spain,Female,0
576,29,8,117497.06703948414,3,0,1,140676.1492094896,France,Male,1
496,36,0,222535.28434900366,3,0,0,61960.15792124616,Germany,Male,0
369,54,7,176930.33756688188,2,1,0,149929.90317762384,France,Male,0
790,61,8,15550.806541175689,2,0,0,19814.897851781796,France,Female,1
751,76,8,36825.761069742584,3,0,1,19365.953625239123,France,Male,1
396,76,0,1960.3976929792045,1,0,0,83394.66397765359,Germany,Male,1
582,66,1,157730.44755729084,3,0,1,77159.90649153691,Spain,Male,0
654,78,0,111918.35635260458,3,1,0,69970.31091975894,Germany,Male,1
363,34,9,33568.71272556888,1,1,1,103293.75490709291,Spain,Female,1
492,27,1,239483.5302641926,3,1,0,70939.38063919853,France,Female,0
764,74,9,132414.93098640497,1,1,0,46529.00450893747,Spain,Male,1
350,72,7,60473.323528222296,2,1,1,68799.21432683418,France,Male,1
722,66,4,125150.8927886769,2,0,0,195231.81183394464,France,Male,1
403,64,6,169905.08318377694,1,1,1,88111.54922902123,Germany,Female,0
723,29,1,19059.80449339112,2,1,0,94495.4276030838,France,Female,0
608,79,7,68675.953761973,2,1,0,119543.5480907166,Germany,Female,0
493,33,5,201741.3727209984,1,0,1,196834.74599870306,Spain,Male,1
820,41,7,114916.21760066532,2,0,1,55904.24252279497,Spain,Female,0
790,36,0,136644.28550807372,3,1,1,139443.60100116243,France,Female,1
808,25,0,108204.00055236732,3,0,0,146037.09177292758,Germany,Female,1
361,48,6,10974.98566075128,1,0,1,125391.63919068253,France,Female,1
679,38,7,41437.44495503898,2,1,0,26829.884530962376,Germany,Female,0
573,34,2,111385.40968547272,3,0,1,138605.73240723953,Germany,Male,0
621,40,4,52296.36635198195,3,0,1,22177.99509687334,Germany,Male,1
805,54,0,12494.757164919683,2,0,1,123267.10341448041,Spain,Male,1
707,71,6,210912.41601295595,2,1,1,150520.42367213112,Germany,Male,0
809,33,4,245298.13229102895,3,1,1,50084.27921779058,Spain,Female,0
757,23,7,198285.71849918485,3,1,1,169908.18143312706,Germany,Male,0
505,25,7,213446.23042616676,1,0,0,15767.22305127081,Spain,Male,1
722,42,8,60494.282579261344,1,1,1,170324.44409507816,Spain,Male,0
357,35,6,240156.74387829995,3,0,0,97462.51962212537,Spain,Female,0
471,42,0,49231.4261133571,1,0,1,51341.70858701245,France,Male,0
697,29,2,237857.45259045807,3,0,1,35417.84754885392,Germany,Female,1
513,32,7,248704.82349148777,3,1,1,191128.3618406508,France,Female,0
439,76,2,177930.70143651217,1,1,0,23806.461640419773,Germany,Female,1
485,43,7,245285.93294795547,1,1,0,47827.74978782587,Germany,Male,1
535,58,0,142384.94489177593,2,1,1,76086.24601227873,France,Female,1
665,62,4,64885.445794022584,2,0,0,127844.62130261288,Spain,Male,0
527,43,3,109248.97141640521,2,1,1,113512.20620245869,Germany,Male,0
377,64,4,148390.2338446965,3,0,1,33872.263558339655,Spain,Male,0
569,49,7,18270.39050675375,1,1,0,65048.31691026078,France,Female,1
706,27,9,155585.81615431153,3,1,0,55362.836506344574,Spain,Female,0
390,33,3,245294.45919057363,1,1,0,50573.14235316486,Germany,Male,1
577,24,3,47526.91244593191,3,0,0,88117.42393119754,Germany,Female,0
541,34,2,198148.77907209581,2,0,1,143765.9759924148,Germany,Female,0
760,40,6,226974.69844490485,2,0,0,51316.057121274825,France,Female,0
796,43,2,235925.39820505521,2,0,0,79668.98714356647,Germany,Male,0
494,38,2,240033.90110136181,3,0,1,84274.31109982083,France,Female,1
550,39,9,130364.90968036799,1,1,0,195526.74059272793,Spain,Female,1
766,75,4,244326.97699787593,1,0,0,191386.60780702307,Germany,Male,1
561,24,4,189327.55178360973,2,0,0,162026.14072289443,Germany,Female,1
810,31,5,40417.85905924047,2,0,0,55915.19495564518,Germany,Male,0
569,32,7,119225.0266169925,2,0,1,22927.08967741724,Spain,Female,1
589,70,9,179582.79384300098,2,1,1,70211.7861669187,Germany,Female,1
762,24,5,61835.078954770834,1,0,0,60690.964392427864,France,Female,1
746,26,0,160153.79588722184,3,1,0,106125.90202781484,Spain,Female,0
395,68,7,166650.11976165482,3,1,1,157768.3029128807,Spain,Female,1
384,65,7,40674.93595214147,3,1,0,173081.35838698302,Spain,Female,1
602,25,8,141271.32811318908,3,0,0,170524.17622799662,Spain,Male,0
739,67,8,192906.72774465193,2,1,0,78338.35663238287,Spain,Female,0
431,76,1,124723.91613398548,2,0,0,140574.52525752975,France,Female,1
720,40,1,3025.779194026856,2,0,0,69438.49752960181,Spain,Female,1
605,46,2,2259.6172698230444,3,0,0,21572.053214684714,Germany,Male,0
546,35,0,89257.33599250304,2,0,0,143297.40046455903,Spain,Male,1
652,48,3,231548.5171079455,2,0,0,11867.23498825969,Spain,Male,0
758,47,3,57169.19490090219,1,1,0,87744.69161711283,Spain,Female,1
799,69,8,158590.9222179218,1,1,1,72582.0611673944,Spain,Female,1
359,56,8,55518.967673330146,2,0,1,141741.73231858196,Spain,Male,1
661,52,8,80417.49741488716,1,1,1,155586.639824472,France,Male,1
635,35,9,212010.522400371,1,0,0,67777.98083454392,France,Male,1
591,76,6,182215.36056748673,2,1,0,164209.13274452218,Spain,Female,0
600,59,1,23849.819328302656,2,1,1,65844.18449593741,France,Male,0
714,56,9,107175.5052466084,2,1,0,94802.00839744664,Germany,Female,1
354,34,4,7292.440911316117,2,1,1,148133.52013268546,Spain,Female,1
468,31,3,120222.53665075226,3,1,0,141654.84355270982,Germany,Female,1
638,48,7,165608.502925267,3,0,1,197600.00973931802,Germany,Male,0
723,41,1,29625.65589953789,2,0,1,52780.594601027056,Spain,Female,0
414,52,5,72221.23472729142,1,1,1,135840.40357252065,Germany,Male,0
495,61,4,99459.15637553923,2,0,0,125839.5625723977,Germany,Male,0
573,77,1,229882.75616401245,2,1,1,183868.7063531057,Germany,Male,0
588,62,9,248313.753855741,1,0,0,39708.80691252626,Spain,Male,0
